TYPE,TEXT
black,My next paper shall be entitled __ : __
black,A new IEEE conference seeks papers about __ and __
black,I used ___________ to investigate ________________
black,"On ChatRoulette you expect __________, but _________ was a complete surprise!"
black,The web became popular because of ___________ and ___________
black,"My last Amazon Prime order contained __________, __________ and __________"
black,Reviewers felt that your paper did not contain sufficient ______________
black,This website uses _________________ to improve your visit.
black,Apple recently lost a court case in which it attempted to defend a patent for ____
black,"Based on my browsing history, Google discovered my interest in _____"
black,Facebook's latest acquisition is an app aimed at ______
black,My life was changed when the NSA discovered images of ______________ in my Hotmail account
black,"Lately, the Web Science curriculum has focussed too much on ________"
black,"TBL did not invent the web, but he did invent ___________"
black,"Researchers recently succeeded in connecting ___________ to ___________"
black,"I spent my first BitCoin on ____________"
black,"It was ____________ that really killed MySpace"
white,"Sir Tim Berners Lee"
white,Actor Network Theory
white,SPARQL
white,LOL CATS
white,digital rights management
white,net neutrality
white,Netflix
white,Brown Sugar
white,technological determinism
white,contact lenses for diabetics
white,RDF
white,Goffman
white,GCHQ
white,Google
white,A Raspberry Pi
white,The Cloud
white,Dropbox
white,Badger Badger Badger Badger
white,Xtube
white,Revenge Porn
white,too much pornography
white,internet censorship
white,Yahoo! Mail
white,MySpace
white,Pinterest
white,Internet misogyny
white,Snapchatting pictures of your penis to children
white,ill-advised tweets
white,dirty selfies of suicidal teenafers
white,the Internet of Things
white,targetted advertising
white,procrasturbating
white,Google+
white,elderly webcam girls
white,Jimmy Saville's browsing history
white,TCP/IP
white,Bitcoin
white,Mark Zuckerberg's flip flop
white,Chelsea Manning's penis
white,Reflectoporn
white,eBay
white,Grindr
white,iPlayer
white,Forking